Block Number,Average Completion Times ms,Average number of Errors
2,843.906,0.02564103
4,777.5639,0.09774436
8,756.1628,0.06976744